call_fail_max,call_fail_mean,call_fail_median,call_fail_min,call_fail_std,hl_expanded_sum_max,hl_expanded_sum_mean,hl_expanded_sum_median,hl_expanded_sum_min,hl_expanded_sum_std,ll_expanded_sum_max,ll_expanded_sum_mean,ll_expanded_sum_median,ll_expanded_sum_min,ll_expanded_sum_std,n,sim_complete,sim_complete_rate,solver,solver_runtime_max_max,solver_runtime_max_mean,solver_runtime_max_median,solver_runtime_max_min,solver_runtime_max_std,solver_runtime_sum_max,solver_runtime_sum_mean,solver_runtime_sum_median,solver_runtime_sum_min,solver_runtime_sum_std,tasks_finished_max,tasks_finished_mean,tasks_finished_median,tasks_finished_min,tasks_finished_std,throughput_per_step_max,throughput_per_step_mean,throughput_per_step_median,throughput_per_step_min,throughput_per_step_std,wall_time_sec_max,wall_time_sec_mean,wall_time_sec_median,wall_time_sec_min,wall_time_sec_std,window
0,0,0.0,0,0.0,154560,150502.78,150421.0,147319,1340.5288085172383,14861164,14742808.56,14742981.0,14628337,43950.50125254431,100,100,1.0,PBS_pure,0.308151,0.22450007,0.21807100000000001,0.197689,0.021179804477905913,213.81406899999988,168.82084376,164.95629350000016,158.31999299999993,10.843862836894735,75918,75489.88,75507.5,74791,185.78962143872147,15.1836,15.097976,15.101500000000001,14.9582,0.0371579242877444,290.02433800697327,227.55090227127076,222.07021737098694,213.92447018623352,15.088293363282448,5
0,0,0.0,0,0.0,230827,225687.33,225585.5,221860,1747.3555896458702,14856982,14731669.21,14730845.5,14610665,45214.19949982528,100,100,1.0,PBS_pure,0.354673,0.27158985,0.26636499999999996,0.250131,0.017485889699796073,260.39020300000004,214.06840761,211.3378550000001,205.1129120000001,9.167820323637693,77051,76639.27,76633.5,76089,195.71757920044078,15.4102,15.327854,15.326699999999999,15.2178,0.03914351584008807,336.6538932323456,273.7757843351364,270.06293845176697,262.6396999359131,12.213995551614762,10
0,0,0.0,0,0.0,405142,398611.16,398327.0,392193,2663.4015037355916,14912073,14810882.99,14810194.0,14655106,46848.486296492294,100,100,1.0,PBS_pure,0.772425,0.59430192,0.583499,0.489555,0.05664850600073004,457.636749,387.86860755999993,383.3350450000001,372.08840200000026,15.68949498325485,77490,76890.12,76905.0,76405,213.34101690708584,15.498,15.378024,15.381,15.281,0.04266820338141714,537.2904348373413,453.0830241012573,447.6381850242615,435.3919720649719,18.95215206402977,100
