{
  "w_sweep_m500": [
    {
      "m": 500,
      "w": 5,
      "n_sec": 100,
      "n_base": 100,
      "sec_thr": 15.112318,
      "sec_thr_std": 0.03946172261211046,
      "base_thr": 15.098228,
      "base_thr_std": 0.037180509937222855,
      "thr_ratio": 1.0009332220973215,
      "thr_delta_pct": 0.09332220973215857,
      "sec_only_rt": 82.30145684,
      "sec_only_rt_std": 7.240290937291587,
      "sec_honest_rt": 84.87700149999999,
      "sec_honest_rt_std": 7.429538115508924,
      "base_rt": 166.26698323,
      "base_rt_std": 4.121562099683546,
      "sec_only_speedup": 2.020219199196377,
      "honest_speedup": 1.9589167889018795,
      "sec_fail_events": 77,
      "fb_events": 77
    },
    {
      "m": 500,
      "w": 10,
      "n_sec": 100,
      "n_base": 100,
      "sec_thr": 15.314846,
      "sec_thr_std": 0.041223430181871,
      "base_thr": 15.328102,
      "base_thr_std": 0.039162850826369604,
      "thr_ratio": 0.9991351832079406,
      "thr_delta_pct": -0.08648167920594577,
      "sec_only_rt": 95.07709138000001,
      "sec_only_rt_std": 3.2525245621523067,
      "sec_honest_rt": 99.06653225000001,
      "sec_honest_rt_std": 5.839813764333956,
      "base_rt": 212.95143473,
      "base_rt_std": 6.16111482554508,
      "sec_only_speedup": 2.239776497567483,
      "honest_speedup": 2.1495799832036613,
      "sec_fail_events": 73,
      "fb_events": 73
    },
    {
      "m": 500,
      "w": 20,
      "n_sec": 100,
      "n_base": 100,
      "sec_thr": 15.353208,
      "sec_thr_std": 0.03999600909383767,
      "base_thr": 15.37445,
      "base_thr_std": 0.04000306427656696,
      "thr_ratio": 0.9986183570794402,
      "thr_delta_pct": -0.13816429205597008,
      "sec_only_rt": 137.53920958,
      "sec_only_rt_std": 3.403438114514257,
      "sec_honest_rt": 153.81112145,
      "sec_honest_rt_std": 15.431313804276149,
      "base_rt": 303.76086586,
      "base_rt_std": 11.599292461729217,
      "sec_only_speedup": 2.2085401449345743,
      "honest_speedup": 1.9748953326417609,
      "sec_fail_events": 120,
      "fb_events": 120
    },
    {
      "m": 500,
      "w": 100,
      "n_sec": 100,
      "n_base": 100,
      "sec_thr": 15.355698,
      "sec_thr_std": 0.04313521606120062,
      "base_thr": 15.378106,
      "base_thr_std": 0.04261582629147354,
      "thr_ratio": 0.9985428634709632,
      "thr_delta_pct": -0.14571365290368285,
      "sec_only_rt": 191.29280285,
      "sec_only_rt_std": 3.751838502566353,
      "sec_honest_rt": 228.51800907,
      "sec_honest_rt_std": 35.89290179250472,
      "base_rt": 390.59743502,
      "base_rt_std": 14.619894345476352,
      "sec_only_speedup": 2.041882544458729,
      "honest_speedup": 1.709263250671642,
      "sec_fail_events": 135,
      "fb_events": 135
    }
  ],
  "m_sweep_w10": [
    {
      "m": 300,
      "w": 10,
      "n_sec": 100,
      "n_base": 100,
      "sec_thr": 9.30406,
      "sec_thr_std": 0.031038021648919292,
      "base_thr": 9.315612,
      "base_thr_std": 0.031247720821936,
      "thr_ratio": 0.998759931177898,
      "thr_delta_pct": -0.12400688221020806,
      "sec_only_rt": 31.96349461,
      "sec_only_rt_std": 1.1775808037024416,
      "sec_honest_rt": 32.0387095,
      "sec_honest_rt_std": 1.2450273817830781,
      "base_rt": 55.38910030000001,
      "base_rt_std": 1.789597664972634,
      "sec_only_speedup": 1.7328862496365196,
      "honest_speedup": 1.7288180817644982,
      "sec_fail_events": 3,
      "fb_events": 3
    },
    {
      "m": 400,
      "w": 10,
      "n_sec": 100,
      "n_base": 100,
      "sec_thr": 12.33081,
      "sec_thr_std": 0.03429157654909184,
      "base_thr": 12.349034,
      "base_thr_std": 0.03371611795715834,
      "thr_ratio": 0.9985242570390526,
      "thr_delta_pct": -0.1475742960947392,
      "sec_only_rt": 56.72211693,
      "sec_only_rt_std": 1.5264124906559002,
      "sec_honest_rt": 57.09801116,
      "sec_honest_rt_std": 2.0382577292890502,
      "base_rt": 116.79650618,
      "base_rt_std": 5.026814962387729,
      "sec_only_speedup": 2.0590999155432965,
      "honest_speedup": 2.0455442108607413,
      "sec_fail_events": 11,
      "fb_events": 11
    },
    {
      "m": 500,
      "w": 10,
      "n_sec": 100,
      "n_base": 100,
      "sec_thr": 15.314846,
      "sec_thr_std": 0.041223430181871,
      "base_thr": 15.328102,
      "base_thr_std": 0.039162850826369604,
      "thr_ratio": 0.9991351832079406,
      "thr_delta_pct": -0.08648167920594577,
      "sec_only_rt": 95.07709138000001,
      "sec_only_rt_std": 3.2525245621523067,
      "sec_honest_rt": 99.06653225000001,
      "sec_honest_rt_std": 5.839813764333956,
      "base_rt": 212.95143473,
      "base_rt_std": 6.16111482554508,
      "sec_only_speedup": 2.239776497567483,
      "honest_speedup": 2.1495799832036613,
      "sec_fail_events": 73,
      "fb_events": 73
    },
    {
      "m": 600,
      "w": 10,
      "n_sec": 100,
      "n_base": 100,
      "sec_thr": 18.235504,
      "sec_thr_std": 0.044088015550164214,
      "base_thr": 18.25691,
      "base_thr_std": 0.051237260550178416,
      "thr_ratio": 0.998827512432279,
      "thr_delta_pct": -0.11724875677210699,
      "sec_only_rt": 150.66138624,
      "sec_only_rt_std": 4.704423905853427,
      "sec_honest_rt": 177.77527732000001,
      "sec_honest_rt_std": 16.616396659550166,
      "base_rt": 363.29194538,
      "base_rt_std": 9.772556357319106,
      "sec_only_speedup": 2.411314235495514,
      "honest_speedup": 2.0435459353893473,
      "sec_fail_events": 271,
      "fb_events": 271
    },
    {
      "m": 700,
      "w": 10,
      "n_sec": 100,
      "n_base": 100,
      "sec_thr": 21.065444,
      "sec_thr_std": 0.04436571230446813,
      "base_thr": 21.098986,
      "base_thr_std": 0.04570721274557983,
      "thr_ratio": 0.9984102553553995,
      "thr_delta_pct": -0.15897446446004856,
      "sec_only_rt": 235.98264810999999,
      "sec_only_rt_std": 9.518320304907768,
      "sec_honest_rt": 444.90689274,
      "sec_honest_rt_std": 69.25959968013457,
      "base_rt": 596.62276082,
      "base_rt_std": 23.41099990769685,
      "sec_only_speedup": 2.5282484352065273,
      "honest_speedup": 1.341005883603295,
      "sec_fail_events": 1106,
      "fb_events": 1106
    },
    {
      "m": 800,
      "w": 10,
      "n_sec": 100,
      "n_base": 100,
      "sec_thr": 23.740058,
      "sec_thr_std": 0.040927877387848276,
      "base_thr": 23.81429,
      "base_thr_std": 0.04221293185934413,
      "thr_ratio": 0.9968828799850846,
      "thr_delta_pct": -0.3117120014915352,
      "sec_only_rt": 374.61131419,
      "sec_only_rt_std": 20.659467169498424,
      "sec_honest_rt": 1979.54459052,
      "sec_honest_rt_std": 310.1708158248054,
      "base_rt": 943.18625993,
      "base_rt_std": 44.73136888459123,
      "sec_only_speedup": 2.517773020202009,
      "honest_speedup": 0.4764662864614924,
      "sec_fail_events": 4952,
      "fb_events": 5013
    },
    {
      "m": 900,
      "w": 10,
      "n_sec": 30,
      "n_base": 30,
      "sec_thr": 26.1832,
      "sec_thr_std": 0.035342228331675433,
      "base_thr": 26.330526666666668,
      "base_thr_std": 0.03985734850545187,
      "thr_ratio": 0.9944047200980155,
      "thr_delta_pct": -0.5595279901984547,
      "sec_only_rt": 558.6658954333335,
      "sec_only_rt_std": 40.61964805830661,
      "sec_honest_rt": 7656.873067766666,
      "sec_honest_rt_std": 872.4129166902978,
      "base_rt": 1500.6092486666664,
      "base_rt_std": 43.344692405910884,
      "sec_only_speedup": 2.686058449124959,
      "honest_speedup": 0.19598199361353127,
      "sec_fail_events": 4916,
      "fb_events": 6542
    }
  ],
  "w5m_sweep": [
    {
      "m": 500,
      "w": 5,
      "n_sec": 100,
      "n_base": 100,
      "sec_thr": 15.112318,
      "sec_thr_std": 0.03946172261211046,
      "base_thr": 15.098228,
      "base_thr_std": 0.037180509937222855,
      "thr_ratio": 1.0009332220973215,
      "thr_delta_pct": 0.09332220973215857,